名前,グループ
d0010001,生徒
d0010002,生徒
d0010003,生徒
d0010004,生徒
d0010005,生徒
d0020001,生徒
d0020002,リセット
d0020003,リセット
d0020004,リセット
d0020005,リセット
d0030001,リセット
d0030002,リセット
d0030003,リセット
d0030004,リセット
d0030005,リセット
d0040001,リセット
d0040002,リセット
d0040003,リセット
d0040004,リセット
d0040005,リセット
d0050001,リセット
d0050002,リセット
d0050003,リセット
d0050004,リセット
d0050005,リセット
d0060001,リセット
d0060002,生徒
d0060003,生徒
d0060004,非常勤講師
d0060005,非常勤講師
d0070001,非常勤講師
d0070002,非常勤講師
d0070003,非常勤講師
d0070004,非常勤講師
d0070005,非常勤講師
gakusei01,非常勤講師
innoshima,非常勤講師
kitajima,非常勤講師
mac01cosy,非常勤講師
mac02cosy,非常勤講師
mac03cosy,非常勤講師
mac04cosy,非常勤講師
mac05cosy,非常勤講師
maru,生徒
mukaizima,生徒
nicoron,生徒
professor01,客員教員
staff-a01,客員教員
staff-g01,客員教員
staff-j01,客員教員
staff-j02,客員教員
staff-k01,客員教員
staff-n01,客員教員
staff-s01,客員教員
staff-z01,生徒
staff01,生徒
student001,生徒
student002,生徒
tamon01,研究員
tamon02,研究員
tamon03,研究員
tamon04,研究員
tamon05,研究員
tamon06,研究員
tamon07,研究員
tamon08,研究員
tamon09,研究員
tamon10,研究員
tamon11,研究員
tamon12,研究員
tamon123,研究員
tamon13,研究員
tamon14,研究員
tamon15,研究員
tamon16,研究員
tamon17,研究員
tamon18,研究員
tamon19,研究員
tamon20,研究員
